{"cameraMode":{"drawMode":0,"name":"Shaded","section":"Shading Mode"},"sceneLighting":true,"audioPlay":false,"sceneViewState":{"m_AlwaysRefresh":false,"showFog":true,"showSkybox":true,"showFlares":true,"showImageEffects":true,"showParticleSystems":true,"showVisualEffectGraphs":true,"m_FxEnabled":true},"in2DMode":false,"pivot":{"x":-3.2200000286102297,"y":1.3206543922424317,"z":0.899999737739563},"rotation":{"x":-0.0118977390229702,"y":0.13012069463729859,"z":0.0015615216689184309,"w":0.9914260506629944},"size":0.8660253882408142,"orthographic":true}