{"cameraMode":{"drawMode":0,"name":"Shaded","section":"Shading Mode"},"sceneLighting":true,"audioPlay":false,"sceneViewState":{"m_AlwaysRefresh":false,"showFog":true,"showSkybox":true,"showFlares":true,"showImageEffects":true,"showParticleSystems":true,"showVisualEffectGraphs":true,"m_FxEnabled":true},"in2DMode":false,"pivot":{"x":-8.485957145690918,"y":3.2658660411834719,"z":2.608914375305176},"rotation":{"x":0.058466628193855289,"y":4.656612873077393e-10,"z":1.4551915228366853e-11,"w":0.9982892274856567},"size":6.527745246887207,"orthographic":true}