{"cameraMode":{"drawMode":0,"name":"Shaded","section":"Shading Mode"},"sceneLighting":true,"audioPlay":false,"sceneViewState":{"m_AlwaysRefresh":false,"showFog":true,"showSkybox":true,"showFlares":true,"showImageEffects":true,"showParticleSystems":true,"showVisualEffectGraphs":true,"m_FxEnabled":true},"in2DMode":false,"pivot":{"x":-8.485957145690918,"y":3.2658660411834719,"z":2.608914375305176},"rotation":{"x":0.07659832388162613,"y":0.18289722502231599,"z":-0.014294983819127083,"w":0.9800378084182739},"size":6.527745246887207,"orthographic":true}