{"cameraMode":{"drawMode":0,"name":"Shaded","section":"Shading Mode"},"sceneLighting":true,"audioPlay":false,"sceneViewState":{"m_AlwaysRefresh":false,"showFog":true,"showSkybox":true,"showFlares":true,"showImageEffects":true,"showParticleSystems":true,"showVisualEffectGraphs":true,"m_FxEnabled":true},"in2DMode":false,"pivot":{"x":-5.015868663787842,"y":5.017297744750977,"z":2.814772844314575},"rotation":{"x":0.008896786719560624,"y":0.15091447532176972,"z":-0.001358306733891368,"w":0.9885070323944092},"size":10.427329063415528,"orthographic":true}